{"accuracy": [0.8107088804244995, 0.875, 0.8415178656578064, 0.9285714030265808, 0.8966817259788513, 0.90625, 0.9276018142700195, 0.9375, 0.9283559322357178, 0.90625], "loss": [0.5699007511138916, 0.6287336349487305, 0.43094658851623535, 0.38320472836494446, 0.30295315384864807, 0.3241972327232361, 0.21684058010578156, 0.20825861394405365, 0.21772386133670807, 0.2467726171016693], "val_accuracy": [0.8020833134651184, 1.0, 0.8177083134651184, 1.0, 0.8489583134651184, 1.0, 0.8385416865348816, 0.8333333134651184, 0.8020833134651184, 1.0], "val_loss": [0.5720665454864502, 0.1831347495317459, 0.48917630314826965, 0.11272045969963074, 0.4751109778881073, 0.05517418682575226, 0.4437836706638336, 0.2531130015850067, 0.5627430081367493, 0.06629729270935059]}