{"accuracy": [0.767722487449646, 0.9375, 0.9562594294548035, 0.875, 0.9600301384925842, 1.0, 0.9811462759971619, 1.0, 0.9864253401756287, 0.9375], "loss": [0.6131275296211243, 0.16947337985038757, 0.15036867558956146, 0.3098182678222656, 0.11652757227420807, 0.04024331644177437, 0.06511517614126205, 0.03511357679963112, 0.04557463899254799, 0.11230649799108505], "val_accuracy": [0.9479166865348816, 1.0, 0.9791666865348816, 1.0, 0.9791666865348816, 1.0, 0.9791666865348816, 1.0, 0.9895833134651184, 1.0], "val_loss": [0.18068164587020874, 0.045883938670158386, 0.08914817124605179, 0.03521658480167389, 0.06932998448610306, 0.02489408850669861, 0.06080714240670204, 0.036911021918058395, 0.04878923296928406, 0.0035294124390929937]}