{"accuracy": [0.46304675936698914, 0.6875, 0.7639517188072205, 0.78125, 0.8069381713867188], "loss": [1.3321378231048584, 0.9689392447471619, 0.7642433047294617, 0.7466447353363037, 0.5877995491027832], "val_accuracy": [0.7604166865348816, 0.8333333134651184, 0.8802083134651184, 0.8333333134651184, 0.859375], "val_loss": [0.8847917914390564, 0.6979334354400635, 0.6116448044776917, 0.42857494950294495, 0.4916016161441803]}